"filename", "language", "Batch", "Markdown", "Dart", "JavaScript", "YAML", "Shell Script", "Rust", "JSON", "vue", "HTML", "CSS", "XML", "pip requirements", "Python", "Properties", "Makefile", "C", "Ruby", "C++", "Swift", "Gradle", "comment", "blank", "total"
"c:\Users\acer\workspace1\langtube\packages\readability\CHANGELOG.md", "Markdown", 0, 2, 0, 0, 0, 0, 0, 0, 0, 0, 0, 0, 0, 0, 0, 0, 0, 0, 0, 0, 0, 0, 2, 4
"c:\Users\acer\workspace1\langtube\packages\readability\README.md", "Markdown", 0, 66, 0, 0, 0, 0, 0, 0, 0, 0, 0, 0, 0, 0, 0, 0, 0, 0, 0, 0, 0, 0, 27, 93
"c:\Users\acer\workspace1\langtube\packages\readability\analysis_options.yaml", "YAML", 0, 0, 0, 0, 1, 0, 0, 0, 0, 0, 0, 0, 0, 0, 0, 0, 0, 0, 0, 0, 0, 2, 2, 5
"c:\Users\acer\workspace1\langtube\packages\readability\android\build.gradle", "Gradle", 0, 0, 0, 0, 0, 0, 0, 0, 0, 0, 0, 0, 0, 0, 0, 0, 0, 0, 0, 0, 34, 34, 14, 82
"c:\Users\acer\workspace1\langtube\packages\readability\android\gradle\wrapper\gradle-wrapper.properties", "Properties", 0, 0, 0, 0, 0, 0, 0, 0, 0, 0, 0, 0, 0, 0, 5, 0, 0, 0, 0, 0, 0, 0, 1, 6
"c:\Users\acer\workspace1\langtube\packages\readability\android\gradlew.bat", "Batch", 39, 0, 0, 0, 0, 0, 0, 0, 0, 0, 0, 0, 0, 0, 0, 0, 0, 0, 0, 0, 0, 29, 22, 90
"c:\Users\acer\workspace1\langtube\packages\readability\android\settings.gradle", "Gradle", 0, 0, 0, 0, 0, 0, 0, 0, 0, 0, 0, 0, 0, 0, 0, 0, 0, 0, 0, 0, 1, 0, 1, 2
"c:\Users\acer\workspace1\langtube\packages\readability\android\src\main\AndroidManifest.xml", "XML", 0, 0, 0, 0, 0, 0, 0, 0, 0, 0, 0, 3, 0, 0, 0, 0, 0, 0, 0, 0, 0, 0, 1, 4
"c:\Users\acer\workspace1\langtube\packages\readability\bindgen.bat", "Batch", 1, 0, 0, 0, 0, 0, 0, 0, 0, 0, 0, 0, 0, 0, 0, 0, 0, 0, 0, 0, 0, 0, 0, 1
"c:\Users\acer\workspace1\langtube\packages\readability\example\README.md", "Markdown", 0, 10, 0, 0, 0, 0, 0, 0, 0, 0, 0, 0, 0, 0, 0, 0, 0, 0, 0, 0, 0, 0, 7, 17
"c:\Users\acer\workspace1\langtube\packages\readability\example\analysis_options.yaml", "YAML", 0, 0, 0, 0, 3, 0, 0, 0, 0, 0, 0, 0, 0, 0, 0, 0, 0, 0, 0, 0, 0, 23, 4, 30
"c:\Users\acer\workspace1\langtube\packages\readability\example\android\app\build.gradle", "Gradle", 0, 0, 0, 0, 0, 0, 0, 0, 0, 0, 0, 0, 0, 0, 0, 0, 0, 0, 0, 0, 55, 5, 13, 73
"c:\Users\acer\workspace1\langtube\packages\readability\example\android\app\src\debug\AndroidManifest.xml", "XML", 0, 0, 0, 0, 0, 0, 0, 0, 0, 0, 0, 3, 0, 0, 0, 0, 0, 0, 0, 0, 0, 4, 1, 8
"c:\Users\acer\workspace1\langtube\packages\readability\example\android\app\src\main\AndroidManifest.xml", "XML", 0, 0, 0, 0, 0, 0, 0, 0, 0, 0, 0, 28, 0, 0, 0, 0, 0, 0, 0, 0, 0, 6, 2, 36
"c:\Users\acer\workspace1\langtube\packages\readability\example\android\app\src\main\res\drawable-v21\launch_background.xml", "XML", 0, 0, 0, 0, 0, 0, 0, 0, 0, 0, 0, 4, 0, 0, 0, 0, 0, 0, 0, 0, 0, 7, 2, 13
"c:\Users\acer\workspace1\langtube\packages\readability\example\android\app\src\main\res\drawable\launch_background.xml", "XML", 0, 0, 0, 0, 0, 0, 0, 0, 0, 0, 0, 4, 0, 0, 0, 0, 0, 0, 0, 0, 0, 7, 2, 13
"c:\Users\acer\workspace1\langtube\packages\readability\example\android\app\src\main\res\values-night\styles.xml", "XML", 0, 0, 0, 0, 0, 0, 0, 0, 0, 0, 0, 9, 0, 0, 0, 0, 0, 0, 0, 0, 0, 9, 1, 19
"c:\Users\acer\workspace1\langtube\packages\readability\example\android\app\src\main\res\values\styles.xml", "XML", 0, 0, 0, 0, 0, 0, 0, 0, 0, 0, 0, 9, 0, 0, 0, 0, 0, 0, 0, 0, 0, 9, 1, 19
"c:\Users\acer\workspace1\langtube\packages\readability\example\android\app\src\profile\AndroidManifest.xml", "XML", 0, 0, 0, 0, 0, 0, 0, 0, 0, 0, 0, 3, 0, 0, 0, 0, 0, 0, 0, 0, 0, 4, 1, 8
"c:\Users\acer\workspace1\langtube\packages\readability\example\android\build.gradle", "Gradle", 0, 0, 0, 0, 0, 0, 0, 0, 0, 0, 0, 0, 0, 0, 0, 0, 0, 0, 0, 0, 27, 0, 5, 32
"c:\Users\acer\workspace1\langtube\packages\readability\example\android\gradle.properties", "Properties", 0, 0, 0, 0, 0, 0, 0, 0, 0, 0, 0, 0, 0, 0, 4, 0, 0, 0, 0, 0, 0, 0, 0, 4
"c:\Users\acer\workspace1\langtube\packages\readability\example\android\gradle\wrapper\gradle-wrapper.properties", "Properties", 0, 0, 0, 0, 0, 0, 0, 0, 0, 0, 0, 0, 0, 0, 5, 0, 0, 0, 0, 0, 0, 0, 1, 6
"c:\Users\acer\workspace1\langtube\packages\readability\example\android\settings.gradle", "Gradle", 0, 0, 0, 0, 0, 0, 0, 0, 0, 0, 0, 0, 0, 0, 0, 0, 0, 0, 0, 0, 8, 0, 4, 12
"c:\Users\acer\workspace1\langtube\packages\readability\example\ios\RunnerTests\RunnerTests.swift", "Swift", 0, 0, 0, 0, 0, 0, 0, 0, 0, 0, 0, 0, 0, 0, 0, 0, 0, 0, 0, 7, 0, 2, 4, 13
"c:\Users\acer\workspace1\langtube\packages\readability\example\ios\Runner\AppDelegate.swift", "Swift", 0, 0, 0, 0, 0, 0, 0, 0, 0, 0, 0, 0, 0, 0, 0, 0, 0, 0, 0, 12, 0, 0, 2, 14
"c:\Users\acer\workspace1\langtube\packages\readability\example\ios\Runner\Assets.xcassets\AppIcon.appiconset\Contents.json", "JSON", 0, 0, 0, 0, 0, 0, 0, 122, 0, 0, 0, 0, 0, 0, 0, 0, 0, 0, 0, 0, 0, 0, 1, 123
"c:\Users\acer\workspace1\langtube\packages\readability\example\ios\Runner\Assets.xcassets\LaunchImage.imageset\Contents.json", "JSON", 0, 0, 0, 0, 0, 0, 0, 23, 0, 0, 0, 0, 0, 0, 0, 0, 0, 0, 0, 0, 0, 0, 1, 24
"c:\Users\acer\workspace1\langtube\packages\readability\example\ios\Runner\Assets.xcassets\LaunchImage.imageset\README.md", "Markdown", 0, 3, 0, 0, 0, 0, 0, 0, 0, 0, 0, 0, 0, 0, 0, 0, 0, 0, 0, 0, 0, 0, 2, 5
"c:\Users\acer\workspace1\langtube\packages\readability\example\ios\Runner\Base.lproj\LaunchScreen.storyboard", "XML", 0, 0, 0, 0, 0, 0, 0, 0, 0, 0, 0, 36, 0, 0, 0, 0, 0, 0, 0, 0, 0, 1, 1, 38
"c:\Users\acer\workspace1\langtube\packages\readability\example\ios\Runner\Base.lproj\Main.storyboard", "XML", 0, 0, 0, 0, 0, 0, 0, 0, 0, 0, 0, 25, 0, 0, 0, 0, 0, 0, 0, 0, 0, 1, 1, 27
"c:\Users\acer\workspace1\langtube\packages\readability\example\ios\Runner\Runner-Bridging-Header.h", "C++", 0, 0, 0, 0, 0, 0, 0, 0, 0, 0, 0, 0, 0, 0, 0, 0, 0, 0, 1, 0, 0, 0, 1, 2
"c:\Users\acer\workspace1\langtube\packages\readability\example\lib\main.dart", "Dart", 0, 0, 52, 0, 0, 0, 0, 0, 0, 0, 0, 0, 0, 0, 0, 0, 0, 0, 0, 0, 0, 1, 8, 61
"c:\Users\acer\workspace1\langtube\packages\readability\example\linux\flutter\generated_plugin_registrant.cc", "C++", 0, 0, 0, 0, 0, 0, 0, 0, 0, 0, 0, 0, 0, 0, 0, 0, 0, 0, 3, 0, 0, 4, 5, 12
"c:\Users\acer\workspace1\langtube\packages\readability\example\linux\flutter\generated_plugin_registrant.h", "C++", 0, 0, 0, 0, 0, 0, 0, 0, 0, 0, 0, 0, 0, 0, 0, 0, 0, 0, 5, 0, 0, 5, 6, 16
"c:\Users\acer\workspace1\langtube\packages\readability\example\linux\main.cc", "C++", 0, 0, 0, 0, 0, 0, 0, 0, 0, 0, 0, 0, 0, 0, 0, 0, 0, 0, 5, 0, 0, 0, 2, 7
"c:\Users\acer\workspace1\langtube\packages\readability\example\linux\my_application.cc", "C++", 0, 0, 0, 0, 0, 0, 0, 0, 0, 0, 0, 0, 0, 0, 0, 0, 0, 0, 74, 0, 0, 11, 20, 105
"c:\Users\acer\workspace1\langtube\packages\readability\example\linux\my_application.h", "C++", 0, 0, 0, 0, 0, 0, 0, 0, 0, 0, 0, 0, 0, 0, 0, 0, 0, 0, 7, 0, 0, 7, 5, 19
"c:\Users\acer\workspace1\langtube\packages\readability\example\macos\Flutter\GeneratedPluginRegistrant.swift", "Swift", 0, 0, 0, 0, 0, 0, 0, 0, 0, 0, 0, 0, 0, 0, 0, 0, 0, 0, 0, 6, 0, 3, 4, 13
"c:\Users\acer\workspace1\langtube\packages\readability\example\macos\RunnerTests\RunnerTests.swift", "Swift", 0, 0, 0, 0, 0, 0, 0, 0, 0, 0, 0, 0, 0, 0, 0, 0, 0, 0, 0, 7, 0, 2, 4, 13
"c:\Users\acer\workspace1\langtube\packages\readability\example\macos\Runner\AppDelegate.swift", "Swift", 0, 0, 0, 0, 0, 0, 0, 0, 0, 0, 0, 0, 0, 0, 0, 0, 0, 0, 0, 8, 0, 0, 2, 10
"c:\Users\acer\workspace1\langtube\packages\readability\example\macos\Runner\Assets.xcassets\AppIcon.appiconset\Contents.json", "JSON", 0, 0, 0, 0, 0, 0, 0, 68, 0, 0, 0, 0, 0, 0, 0, 0, 0, 0, 0, 0, 0, 0, 1, 69
"c:\Users\acer\workspace1\langtube\packages\readability\example\macos\Runner\Base.lproj\MainMenu.xib", "XML", 0, 0, 0, 0, 0, 0, 0, 0, 0, 0, 0, 343, 0, 0, 0, 0, 0, 0, 0, 0, 0, 0, 1, 344
"c:\Users\acer\workspace1\langtube\packages\readability\example\macos\Runner\MainFlutterWindow.swift", "Swift", 0, 0, 0, 0, 0, 0, 0, 0, 0, 0, 0, 0, 0, 0, 0, 0, 0, 0, 0, 12, 0, 0, 4, 16
"c:\Users\acer\workspace1\langtube\packages\readability\example\pubspec.yaml", "YAML", 0, 0, 0, 0, 20, 0, 0, 0, 0, 0, 0, 0, 0, 0, 0, 0, 0, 0, 0, 0, 0, 65, 15, 100
"c:\Users\acer\workspace1\langtube\packages\readability\example\windows\flutter\generated_plugin_registrant.cc", "C++", 0, 0, 0, 0, 0, 0, 0, 0, 0, 0, 0, 0, 0, 0, 0, 0, 0, 0, 3, 0, 0, 4, 5, 12
"c:\Users\acer\workspace1\langtube\packages\readability\example\windows\flutter\generated_plugin_registrant.h", "C++", 0, 0, 0, 0, 0, 0, 0, 0, 0, 0, 0, 0, 0, 0, 0, 0, 0, 0, 5, 0, 0, 5, 6, 16
"c:\Users\acer\workspace1\langtube\packages\readability\example\windows\runner\flutter_window.cpp", "C++", 0, 0, 0, 0, 0, 0, 0, 0, 0, 0, 0, 0, 0, 0, 0, 0, 0, 0, 49, 0, 0, 7, 16, 72
"c:\Users\acer\workspace1\langtube\packages\readability\example\windows\runner\flutter_window.h", "C++", 0, 0, 0, 0, 0, 0, 0, 0, 0, 0, 0, 0, 0, 0, 0, 0, 0, 0, 20, 0, 0, 5, 9, 34
"c:\Users\acer\workspace1\langtube\packages\readability\example\windows\runner\main.cpp", "C++", 0, 0, 0, 0, 0, 0, 0, 0, 0, 0, 0, 0, 0, 0, 0, 0, 0, 0, 30, 0, 0, 4, 10, 44
"c:\Users\acer\workspace1\langtube\packages\readability\example\windows\runner\resource.h", "C++", 0, 0, 0, 0, 0, 0, 0, 0, 0, 0, 0, 0, 0, 0, 0, 0, 0, 0, 9, 0, 0, 6, 2, 17
"c:\Users\acer\workspace1\langtube\packages\readability\example\windows\runner\utils.cpp", "C++", 0, 0, 0, 0, 0, 0, 0, 0, 0, 0, 0, 0, 0, 0, 0, 0, 0, 0, 54, 0, 0, 2, 10, 66
"c:\Users\acer\workspace1\langtube\packages\readability\example\windows\runner\utils.h", "C++", 0, 0, 0, 0, 0, 0, 0, 0, 0, 0, 0, 0, 0, 0, 0, 0, 0, 0, 8, 0, 0, 6, 6, 20
"c:\Users\acer\workspace1\langtube\packages\readability\example\windows\runner\win32_window.cpp", "C++", 0, 0, 0, 0, 0, 0, 0, 0, 0, 0, 0, 0, 0, 0, 0, 0, 0, 0, 210, 0, 0, 24, 55, 289
"c:\Users\acer\workspace1\langtube\packages\readability\example\windows\runner\win32_window.h", "C++", 0, 0, 0, 0, 0, 0, 0, 0, 0, 0, 0, 0, 0, 0, 0, 0, 0, 0, 48, 0, 0, 31, 24, 103
"c:\Users\acer\workspace1\langtube\packages\readability\ffigen.yaml", "YAML", 0, 0, 0, 0, 6, 0, 0, 0, 0, 0, 0, 0, 0, 0, 0, 0, 0, 0, 0, 0, 0, 1, 2, 9
"c:\Users\acer\workspace1\langtube\packages\readability\flutter_rust_bridge.yaml", "YAML", 0, 0, 0, 0, 2, 0, 0, 0, 0, 0, 0, 0, 0, 0, 0, 0, 0, 0, 0, 0, 0, 0, 0, 2
"c:\Users\acer\workspace1\langtube\packages\readability\ios\Classes\readability.c", "C", 0, 0, 0, 0, 0, 0, 0, 0, 0, 0, 0, 0, 0, 0, 0, 0, 1, 0, 0, 0, 0, 2, 1, 4
"c:\Users\acer\workspace1\langtube\packages\readability\ios\readability.podspec", "Ruby", 0, 0, 0, 0, 0, 0, 0, 0, 0, 0, 0, 0, 0, 0, 0, 0, 0, 17, 0, 0, 0, 9, 3, 29
"c:\Users\acer\workspace1\langtube\packages\readability\lib\readability.dart", "Dart", 0, 0, 2, 0, 0, 0, 0, 0, 0, 0, 0, 0, 0, 0, 0, 0, 0, 0, 0, 0, 0, 0, 1, 3
"c:\Users\acer\workspace1\langtube\packages\readability\lib\src\models\readability_score.dart", "Dart", 0, 0, 83, 0, 0, 0, 0, 0, 0, 0, 0, 0, 0, 0, 0, 0, 0, 0, 0, 0, 0, 1, 14, 98
"c:\Users\acer\workspace1\langtube\packages\readability\lib\src\models\text_metrics.dart", "Dart", 0, 0, 94, 0, 0, 0, 0, 0, 0, 0, 0, 0, 0, 0, 0, 0, 0, 0, 0, 0, 0, 1, 12, 107
"c:\Users\acer\workspace1\langtube\packages\readability\lib\src\readability.dart", "Dart", 0, 0, 28, 0, 0, 0, 0, 0, 0, 0, 0, 0, 0, 0, 0, 0, 0, 0, 0, 0, 0, 2, 6, 36
"c:\Users\acer\workspace1\langtube\packages\readability\lib\src\readability_impl.dart", "Dart", 0, 0, 21, 0, 0, 0, 0, 0, 0, 0, 0, 0, 0, 0, 0, 0, 0, 0, 0, 0, 0, 0, 4, 25
"c:\Users\acer\workspace1\langtube\packages\readability\lib\src\rust_bridge\api.dart", "Dart", 0, 0, 13, 0, 0, 0, 0, 0, 0, 0, 0, 0, 0, 0, 0, 0, 0, 0, 0, 0, 0, 7, 9, 29
"c:\Users\acer\workspace1\langtube\packages\readability\lib\src\rust_bridge\bridge.dart", "Dart", 0, 0, 246, 0, 0, 0, 0, 0, 0, 0, 0, 0, 0, 0, 0, 0, 0, 0, 0, 0, 0, 19, 54, 319
"c:\Users\acer\workspace1\langtube\packages\readability\libgen.bat", "Batch", 3, 0, 0, 0, 0, 0, 0, 0, 0, 0, 0, 0, 0, 0, 0, 0, 0, 0, 0, 0, 0, 0, 0, 3
"c:\Users\acer\workspace1\langtube\packages\readability\macos\Classes\readability.c", "C", 0, 0, 0, 0, 0, 0, 0, 0, 0, 0, 0, 0, 0, 0, 0, 0, 1, 0, 0, 0, 0, 2, 1, 4
"c:\Users\acer\workspace1\langtube\packages\readability\macos\readability.podspec", "Ruby", 0, 0, 0, 0, 0, 0, 0, 0, 0, 0, 0, 0, 0, 0, 0, 0, 0, 17, 0, 0, 0, 8, 3, 28
"c:\Users\acer\workspace1\langtube\packages\readability\pubspec.yaml", "YAML", 0, 0, 0, 0, 35, 0, 0, 0, 0, 0, 0, 0, 0, 0, 0, 0, 0, 0, 0, 0, 0, 44, 8, 87
"c:\Users\acer\workspace1\langtube\packages\readability\rust\libs\readability_implementation\example\src\main.rs", "Rust", 0, 0, 0, 0, 0, 0, 8, 0, 0, 0, 0, 0, 0, 0, 0, 0, 0, 0, 0, 0, 0, 0, 2, 10
"c:\Users\acer\workspace1\langtube\packages\readability\rust\libs\readability_implementation\src\lib.rs", "Rust", 0, 0, 0, 0, 0, 0, 128, 0, 0, 0, 0, 0, 0, 0, 0, 0, 0, 0, 0, 0, 0, 6, 23, 157
"c:\Users\acer\workspace1\langtube\packages\readability\rust\libs\readability_implementation\src\sentence_tokenizer.rs", "Rust", 0, 0, 0, 0, 0, 0, 55, 0, 0, 0, 0, 0, 0, 0, 0, 0, 0, 0, 0, 0, 0, 0, 5, 60
"c:\Users\acer\workspace1\langtube\packages\readability\rust\libs\readability_implementation\src\syllable_counter.rs", "Rust", 0, 0, 0, 0, 0, 0, 74, 0, 0, 0, 0, 0, 0, 0, 0, 0, 0, 0, 0, 0, 0, 0, 8, 82
"c:\Users\acer\workspace1\langtube\packages\readability\rust\libs\readability_implementation\src\text_metrics.rs", "Rust", 0, 0, 0, 0, 0, 0, 133, 0, 0, 0, 0, 0, 0, 0, 0, 0, 0, 0, 0, 0, 0, 0, 16, 149
"c:\Users\acer\workspace1\langtube\packages\readability\rust\libs\wtpsplit\.github\workflows\ci.yml", "YAML", 0, 0, 0, 0, 153, 0, 0, 0, 0, 0, 0, 0, 0, 0, 0, 0, 0, 0, 0, 0, 0, 0, 11, 164
"c:\Users\acer\workspace1\langtube\packages\readability\rust\libs\wtpsplit\.github\workflows\deploy.yml", "YAML", 0, 0, 0, 0, 37, 0, 0, 0, 0, 0, 0, 0, 0, 0, 0, 0, 0, 0, 0, 0, 0, 0, 4, 41
"c:\Users\acer\workspace1\langtube\packages\readability\rust\libs\wtpsplit\README.md", "Markdown", 0, 16, 0, 0, 0, 0, 0, 0, 0, 0, 0, 0, 0, 0, 0, 0, 0, 0, 0, 0, 0, 0, 8, 24
"c:\Users\acer\workspace1\langtube\packages\readability\rust\libs\wtpsplit\benchmarks\benchmark.py", "Python", 0, 0, 0, 0, 0, 0, 0, 0, 0, 0, 0, 0, 0, 37, 0, 0, 0, 0, 0, 0, 0, 0, 18, 55
"c:\Users\acer\workspace1\langtube\packages\readability\rust\libs\wtpsplit\benchmarks\sample.json", "JSON", 0, 0, 0, 0, 0, 0, 0, 1, 0, 0, 0, 0, 0, 0, 0, 0, 0, 0, 0, 0, 0, 0, 0, 1
"c:\Users\acer\workspace1\langtube\packages\readability\rust\libs\wtpsplit\bindings\javascript\build.sh", "Shell Script", 0, 0, 0, 0, 0, 3, 0, 0, 0, 0, 0, 0, 0, 0, 0, 0, 0, 0, 0, 0, 0, 0, 1, 4
"c:\Users\acer\workspace1\langtube\packages\readability\rust\libs\wtpsplit\bindings\javascript\cypress.json", "JSON", 0, 0, 0, 0, 0, 0, 0, 6, 0, 0, 0, 0, 0, 0, 0, 0, 0, 0, 0, 0, 0, 0, 0, 6
"c:\Users\acer\workspace1\langtube\packages\readability\rust\libs\wtpsplit\bindings\javascript\cypress\integration\test.js", "JavaScript", 0, 0, 0, 13, 0, 0, 0, 0, 0, 0, 0, 0, 0, 0, 0, 0, 0, 0, 0, 0, 0, 0, 3, 16
"c:\Users\acer\workspace1\langtube\packages\readability\rust\libs\wtpsplit\bindings\javascript\dev_server\benchmark.html", "HTML", 0, 0, 0, 0, 0, 0, 0, 0, 0, 6, 0, 0, 0, 0, 0, 0, 0, 0, 0, 0, 0, 0, 2, 8
"c:\Users\acer\workspace1\langtube\packages\readability\rust\libs\wtpsplit\bindings\javascript\dev_server\benchmark.js", "JavaScript", 0, 0, 0, 3, 0, 0, 0, 0, 0, 0, 0, 0, 0, 0, 0, 0, 0, 0, 0, 0, 0, 0, 1, 4
"c:\Users\acer\workspace1\langtube\packages\readability\rust\libs\wtpsplit\bindings\javascript\dev_server\index.html", "HTML", 0, 0, 0, 0, 0, 0, 0, 0, 0, 6, 0, 0, 0, 0, 0, 0, 0, 0, 0, 0, 0, 0, 2, 8
"c:\Users\acer\workspace1\langtube\packages\readability\rust\libs\wtpsplit\bindings\javascript\dev_server\index.js", "JavaScript", 0, 0, 0, 17, 0, 0, 0, 0, 0, 0, 0, 0, 0, 0, 0, 0, 0, 0, 0, 0, 0, 0, 6, 23
"c:\Users\acer\workspace1\langtube\packages\readability\rust\libs\wtpsplit\bindings\javascript\dev_server\package-lock.json", "JSON", 0, 0, 0, 0, 0, 0, 0, 6436, 0, 0, 0, 0, 0, 0, 0, 0, 0, 0, 0, 0, 0, 0, 1, 6437
"c:\Users\acer\workspace1\langtube\packages\readability\rust\libs\wtpsplit\bindings\javascript\dev_server\package.json", "JSON", 0, 0, 0, 0, 0, 0, 0, 18, 0, 0, 0, 0, 0, 0, 0, 0, 0, 0, 0, 0, 0, 0, 1, 19
"c:\Users\acer\workspace1\langtube\packages\readability\rust\libs\wtpsplit\bindings\javascript\dev_server\test.js", "JavaScript", 0, 0, 0, 3, 0, 0, 0, 0, 0, 0, 0, 0, 0, 0, 0, 0, 0, 0, 0, 0, 0, 0, 1, 4
"c:\Users\acer\workspace1\langtube\packages\readability\rust\libs\wtpsplit\bindings\javascript\dev_server\webpack.config.js", "JavaScript", 0, 0, 0, 25, 0, 0, 0, 0, 0, 0, 0, 0, 0, 0, 0, 0, 0, 0, 0, 0, 0, 0, 2, 27
"c:\Users\acer\workspace1\langtube\packages\readability\rust\libs\wtpsplit\bindings\javascript\package.json", "JSON", 0, 0, 0, 0, 0, 0, 0, 45, 0, 0, 0, 0, 0, 0, 0, 0, 0, 0, 0, 0, 0, 0, 1, 46
"c:\Users\acer\workspace1\langtube\packages\readability\rust\libs\wtpsplit\bindings\javascript\src\lib.rs", "Rust", 0, 0, 0, 0, 0, 0, 119, 0, 0, 0, 0, 0, 0, 0, 0, 0, 0, 0, 0, 0, 0, 17, 21, 157
"c:\Users\acer\workspace1\langtube\packages\readability\rust\libs\wtpsplit\bindings\javascript\src\tractjs_backend.rs", "Rust", 0, 0, 0, 0, 0, 0, 109, 0, 0, 0, 0, 0, 0, 0, 0, 0, 0, 0, 0, 0, 0, 1, 26, 136
"c:\Users\acer\workspace1\langtube\packages\readability\rust\libs\wtpsplit\bindings\javascript\src\utils.rs", "Rust", 0, 0, 0, 0, 0, 0, 4, 0, 0, 0, 0, 0, 0, 0, 0, 0, 0, 0, 0, 0, 0, 6, 1, 11
"c:\Users\acer\workspace1\langtube\packages\readability\rust\libs\wtpsplit\bindings\javascript\test\test.js", "JavaScript", 0, 0, 0, 28, 0, 0, 0, 0, 0, 0, 0, 0, 0, 0, 0, 0, 0, 0, 0, 0, 0, 0, 5, 33
"c:\Users\acer\workspace1\langtube\packages\readability\rust\libs\wtpsplit\bindings\python\Makefile", "Makefile", 0, 0, 0, 0, 0, 0, 0, 0, 0, 0, 0, 0, 0, 0, 0, 10, 0, 0, 0, 0, 0, 1, 2, 13
"c:\Users\acer\workspace1\langtube\packages\readability\rust\libs\wtpsplit\bindings\python\benches\benchmark.py", "Python", 0, 0, 0, 0, 0, 0, 0, 0, 0, 0, 0, 0, 0, 12, 0, 0, 0, 0, 0, 0, 0, 0, 6, 18
"c:\Users\acer\workspace1\langtube\packages\readability\rust\libs\wtpsplit\bindings\python\src\backend.py", "Python", 0, 0, 0, 0, 0, 0, 0, 0, 0, 0, 0, 0, 0, 18, 0, 0, 0, 0, 0, 0, 0, 2, 12, 32
"c:\Users\acer\workspace1\langtube\packages\readability\rust\libs\wtpsplit\bindings\python\src\lib.rs", "Rust", 0, 0, 0, 0, 0, 0, 188, 0, 0, 0, 0, 0, 0, 0, 0, 0, 0, 0, 0, 0, 0, 41, 35, 264
"c:\Users\acer\workspace1\langtube\packages\readability\rust\libs\wtpsplit\bindings\python\src\onnxruntime_backend.rs", "Rust", 0, 0, 0, 0, 0, 0, 89, 0, 0, 0, 0, 0, 0, 0, 0, 0, 0, 0, 0, 0, 0, 2, 21, 112
"c:\Users\acer\workspace1\langtube\packages\readability\rust\libs\wtpsplit\bindings\python\tests\__init__.py", "Python", 0, 0, 0, 0, 0, 0, 0, 0, 0, 0, 0, 0, 0, 0, 0, 0, 0, 0, 0, 0, 0, 0, 1, 1
"c:\Users\acer\workspace1\langtube\packages\readability\rust\libs\wtpsplit\bindings\python\tests\test_nnsplit.py", "Python", 0, 0, 0, 0, 0, 0, 0, 0, 0, 0, 0, 0, 0, 19, 0, 0, 0, 0, 0, 0, 0, 0, 11, 30
"c:\Users\acer\workspace1\langtube\packages\readability\rust\libs\wtpsplit\nnsplit\examples\benchmark.rs", "Rust", 0, 0, 0, 0, 0, 0, 21, 0, 0, 0, 0, 0, 0, 0, 0, 0, 0, 0, 0, 0, 0, 0, 5, 26
"c:\Users\acer\workspace1\langtube\packages\readability\rust\libs\wtpsplit\nnsplit\examples\cli.rs", "Rust", 0, 0, 0, 0, 0, 0, 13, 0, 0, 0, 0, 0, 0, 0, 0, 0, 0, 0, 0, 0, 0, 0, 6, 19
"c:\Users\acer\workspace1\langtube\packages\readability\rust\libs\wtpsplit\nnsplit\src\lib.rs", "Rust", 0, 0, 0, 0, 0, 0, 459, 0, 0, 0, 0, 0, 0, 0, 0, 0, 0, 0, 0, 0, 0, 43, 89, 591
"c:\Users\acer\workspace1\langtube\packages\readability\rust\libs\wtpsplit\nnsplit\src\model_loader.rs", "Rust", 0, 0, 0, 0, 0, 0, 72, 0, 0, 0, 0, 0, 0, 0, 0, 0, 0, 0, 0, 0, 0, 6, 15, 93
"c:\Users\acer\workspace1\langtube\packages\readability\rust\libs\wtpsplit\nnsplit\src\tract_backend.rs", "Rust", 0, 0, 0, 0, 0, 0, 154, 0, 0, 0, 0, 0, 0, 0, 0, 0, 0, 0, 0, 0, 0, 8, 31, 193
"c:\Users\acer\workspace1\langtube\packages\readability\rust\libs\wtpsplit\release.sh", "Shell Script", 0, 0, 0, 0, 0, 16, 0, 0, 0, 0, 0, 0, 0, 0, 0, 0, 0, 0, 0, 0, 0, 1, 6, 23
"c:\Users\acer\workspace1\langtube\packages\readability\rust\libs\wtpsplit\setup.cfg", "Properties", 0, 0, 0, 0, 0, 0, 0, 0, 0, 0, 0, 0, 0, 0, 3, 0, 0, 0, 0, 0, 0, 0, 0, 3
"c:\Users\acer\workspace1\langtube\packages\readability\rust\libs\wtpsplit\train\__init__.py", "Python", 0, 0, 0, 0, 0, 0, 0, 0, 0, 0, 0, 0, 0, 81, 0, 0, 0, 0, 0, 0, 0, 2, 15, 98
"c:\Users\acer\workspace1\langtube\packages\readability\rust\libs\wtpsplit\train\dataset.py", "Python", 0, 0, 0, 0, 0, 0, 0, 0, 0, 0, 0, 0, 0, 46, 0, 0, 0, 0, 0, 0, 0, 1, 17, 64
"c:\Users\acer\workspace1\langtube\packages\readability\rust\libs\wtpsplit\train\evaluate.ipynb", "JSON", 0, 0, 0, 0, 0, 0, 0, 3871, 0, 0, 0, 0, 0, 0, 0, 0, 0, 0, 0, 0, 0, 0, 0, 3871
"c:\Users\acer\workspace1\langtube\packages\readability\rust\libs\wtpsplit\train\evaluate.py", "Python", 0, 0, 0, 0, 0, 0, 0, 0, 0, 0, 0, 0, 0, 136, 0, 0, 0, 0, 0, 0, 0, 2, 48, 186
"c:\Users\acer\workspace1\langtube\packages\readability\rust\libs\wtpsplit\train\labeler.py", "Python", 0, 0, 0, 0, 0, 0, 0, 0, 0, 0, 0, 0, 0, 248, 0, 0, 0, 0, 0, 0, 0, 1, 96, 345
"c:\Users\acer\workspace1\langtube\packages\readability\rust\libs\wtpsplit\train\model.py", "Python", 0, 0, 0, 0, 0, 0, 0, 0, 0, 0, 0, 0, 0, 173, 0, 0, 0, 0, 0, 0, 0, 4, 39, 216
"c:\Users\acer\workspace1\langtube\packages\readability\rust\libs\wtpsplit\train\requirements.txt", "pip requirements", 0, 0, 0, 0, 0, 0, 0, 0, 0, 0, 0, 0, 115, 0, 0, 0, 0, 0, 0, 0, 0, 0, 1, 116
"c:\Users\acer\workspace1\langtube\packages\readability\rust\libs\wtpsplit\train\setup.cfg", "Properties", 0, 0, 0, 0, 0, 0, 0, 0, 0, 0, 0, 0, 0, 0, 3, 0, 0, 0, 0, 0, 0, 0, 1, 4
"c:\Users\acer\workspace1\langtube\packages\readability\rust\libs\wtpsplit\train\text_data.py", "Python", 0, 0, 0, 0, 0, 0, 0, 0, 0, 0, 0, 0, 0, 69, 0, 0, 0, 0, 0, 0, 0, 3, 24, 96
"c:\Users\acer\workspace1\langtube\packages\readability\rust\libs\wtpsplit\train\train.ipynb", "JSON", 0, 0, 0, 0, 0, 0, 0, 960, 0, 0, 0, 0, 0, 0, 0, 0, 0, 0, 0, 0, 0, 0, 1, 961
"c:\Users\acer\workspace1\langtube\packages\readability\rust\libs\wtpsplit\train\utils.py", "Python", 0, 0, 0, 0, 0, 0, 0, 0, 0, 0, 0, 0, 0, 6, 0, 0, 0, 0, 0, 0, 0, 0, 4, 10
"c:\Users\acer\workspace1\langtube\packages\readability\rust\libs\wtpsplit\update_version.sh", "Shell Script", 0, 0, 0, 0, 0, 16, 0, 0, 0, 0, 0, 0, 0, 0, 0, 0, 0, 0, 0, 0, 0, 0, 4, 20
"c:\Users\acer\workspace1\langtube\packages\readability\rust\libs\wtpsplit\website\README.md", "Markdown", 0, 19, 0, 0, 0, 0, 0, 0, 0, 0, 0, 0, 0, 0, 0, 0, 0, 0, 0, 0, 0, 0, 6, 25
"c:\Users\acer\workspace1\langtube\packages\readability\rust\libs\wtpsplit\website\babel.config.js", "JavaScript", 0, 0, 0, 5, 0, 0, 0, 0, 0, 0, 0, 0, 0, 0, 0, 0, 0, 0, 0, 0, 0, 0, 1, 6
"c:\Users\acer\workspace1\langtube\packages\readability\rust\libs\wtpsplit\website\package-lock.json", "JSON", 0, 0, 0, 0, 0, 0, 0, 13095, 0, 0, 0, 0, 0, 0, 0, 0, 0, 0, 0, 0, 0, 0, 1, 13096
"c:\Users\acer\workspace1\langtube\packages\readability\rust\libs\wtpsplit\website\package.json", "JSON", 0, 0, 0, 0, 0, 0, 0, 53, 0, 0, 0, 0, 0, 0, 0, 0, 0, 0, 0, 0, 0, 0, 1, 54
"c:\Users\acer\workspace1\langtube\packages\readability\rust\libs\wtpsplit\website\public\assets\javascript.svg", "XML", 0, 0, 0, 0, 0, 0, 0, 0, 0, 0, 0, 1, 0, 0, 0, 0, 0, 0, 0, 0, 0, 0, 0, 1
"c:\Users\acer\workspace1\langtube\packages\readability\rust\libs\wtpsplit\website\public\assets\python.svg", "XML", 0, 0, 0, 0, 0, 0, 0, 0, 0, 0, 0, 1, 0, 0, 0, 0, 0, 0, 0, 0, 0, 0, 0, 1
"c:\Users\acer\workspace1\langtube\packages\readability\rust\libs\wtpsplit\website\public\assets\rust.svg", "XML", 0, 0, 0, 0, 0, 0, 0, 0, 0, 0, 0, 1, 0, 0, 0, 0, 0, 0, 0, 0, 0, 0, 0, 1
"c:\Users\acer\workspace1\langtube\packages\readability\rust\libs\wtpsplit\website\public\index.html", "HTML", 0, 0, 0, 0, 0, 0, 0, 0, 0, 19, 0, 0, 0, 0, 0, 0, 0, 0, 0, 0, 0, 1, 3, 23
"c:\Users\acer\workspace1\langtube\packages\readability\rust\libs\wtpsplit\website\src\App.vue", "vue", 0, 0, 0, 0, 0, 0, 0, 0, 156, 0, 0, 0, 0, 0, 0, 0, 0, 0, 0, 0, 0, 0, 13, 169
"c:\Users\acer\workspace1\langtube\packages\readability\rust\libs\wtpsplit\website\src\assets\js_usage.md", "Markdown", 0, 21, 0, 0, 0, 0, 0, 0, 0, 0, 0, 0, 0, 0, 0, 0, 0, 0, 0, 0, 0, 0, 14, 35
"c:\Users\acer\workspace1\langtube\packages\readability\rust\libs\wtpsplit\website\src\assets\python_usage.md", "Markdown", 0, 22, 0, 0, 0, 0, 0, 0, 0, 0, 0, 0, 0, 0, 0, 0, 0, 0, 0, 0, 0, 0, 9, 31
"c:\Users\acer\workspace1\langtube\packages\readability\rust\libs\wtpsplit\website\src\assets\rust_usage.md", "Markdown", 0, 25, 0, 0, 0, 0, 0, 0, 0, 0, 0, 0, 0, 0, 0, 0, 0, 0, 0, 0, 0, 0, 9, 34
"c:\Users\acer\workspace1\langtube\packages\readability\rust\libs\wtpsplit\website\src\components\Benchmark.vue", "vue", 0, 0, 0, 0, 0, 0, 0, 0, 129, 0, 0, 0, 0, 0, 0, 0, 0, 0, 0, 0, 0, 0, 8, 137
"c:\Users\acer\workspace1\langtube\packages\readability\rust\libs\wtpsplit\website\src\components\BenchmarkChart.vue", "vue", 0, 0, 0, 0, 0, 0, 0, 0, 10, 0, 0, 0, 0, 0, 0, 0, 0, 0, 0, 0, 0, 0, 1, 11
"c:\Users\acer\workspace1\langtube\packages\readability\rust\libs\wtpsplit\website\src\components\Metrics.vue", "vue", 0, 0, 0, 0, 0, 0, 0, 0, 286, 0, 0, 0, 0, 0, 0, 0, 0, 0, 0, 0, 0, 0, 2, 288
"c:\Users\acer\workspace1\langtube\packages\readability\rust\libs\wtpsplit\website\src\components\Splitter.vue", "vue", 0, 0, 0, 0, 0, 0, 0, 0, 329, 0, 0, 0, 0, 0, 0, 0, 0, 0, 0, 0, 0, 0, 56, 385
"c:\Users\acer\workspace1\langtube\packages\readability\rust\libs\wtpsplit\website\src\components\Usage.vue", "vue", 0, 0, 0, 0, 0, 0, 0, 0, 57, 0, 0, 0, 0, 0, 0, 0, 0, 0, 0, 0, 0, 0, 5, 62
"c:\Users\acer\workspace1\langtube\packages\readability\rust\libs\wtpsplit\website\src\main.js", "JavaScript", 0, 0, 0, 10, 0, 0, 0, 0, 0, 0, 0, 0, 0, 0, 0, 0, 0, 0, 0, 0, 0, 0, 4, 14
"c:\Users\acer\workspace1\langtube\packages\readability\rust\libs\wtpsplit\website\src\plugins\vuetify.js", "JavaScript", 0, 0, 0, 5, 0, 0, 0, 0, 0, 0, 0, 0, 0, 0, 0, 0, 0, 0, 0, 0, 0, 0, 3, 8
"c:\Users\acer\workspace1\langtube\packages\readability\rust\libs\wtpsplit\website\src\style\quill.snow.reduced.css", "CSS", 0, 0, 0, 0, 0, 0, 0, 0, 0, 0, 68, 0, 0, 0, 0, 0, 0, 0, 0, 0, 0, 0, 2, 70
"c:\Users\acer\workspace1\langtube\packages\readability\rust\libs\wtpsplit\website\vue.config.js", "JavaScript", 0, 0, 0, 14, 0, 0, 0, 0, 0, 0, 0, 0, 0, 0, 0, 0, 0, 0, 0, 0, 0, 1, 0, 15
"c:\Users\acer\workspace1\langtube\packages\readability\rust\src\api.rs", "Rust", 0, 0, 0, 0, 0, 0, 10, 0, 0, 0, 0, 0, 0, 0, 0, 0, 0, 0, 0, 0, 0, 0, 3, 13
"c:\Users\acer\workspace1\langtube\packages\readability\rust\src\bridge_generated.io.rs", "Rust", 0, 0, 0, 0, 0, 0, 56, 0, 0, 0, 0, 0, 0, 0, 0, 0, 0, 0, 0, 0, 0, 7, 15, 78
"c:\Users\acer\workspace1\langtube\packages\readability\rust\src\bridge_generated.rs", "Rust", 0, 0, 0, 0, 0, 0, 73, 0, 0, 0, 0, 0, 0, 0, 0, 0, 0, 0, 0, 0, 0, 11, 16, 100
"c:\Users\acer\workspace1\langtube\packages\readability\rust\src\lib.rs", "Rust", 0, 0, 0, 0, 0, 0, 2, 0, 0, 0, 0, 0, 0, 0, 0, 0, 0, 0, 0, 0, 0, 0, 1, 3
"c:\Users\acer\workspace1\langtube\packages\readability\test\readability_test.dart", "Dart", 0, 0, 11, 0, 0, 0, 0, 0, 0, 0, 0, 0, 0, 0, 0, 0, 0, 0, 0, 0, 0, 0, 3, 14
"c:\Users\acer\workspace1\langtube\packages\readability\test\texts.dart", "Dart", 0, 0, 4, 0, 0, 0, 0, 0, 0, 0, 0, 0, 0, 0, 0, 0, 0, 0, 0, 0, 0, 0, 1, 5
"Total", "-", 43, 184, 554, 123, 257, 35, 1767, 24698, 967, 31, 68, 470, 115, 845, 20, 10, 2, 34, 531, 52, 125, 598, 1301, 32830